"7D7W|1|A|C|27","7D7W|1|A|G|28","7D7W|1|A|A|29","7D7W|1|A|A|30","7D7W|1|A|A|31","7D7W|1|A|G|32"
"7OZQ|1|H|C|14","7OZQ|1|H|G|15","7OZQ|1|H|A|16","7OZQ|1|H|A|17","7OZQ|1|H|A|18","7OZQ|1|H|G|19"
"4OQU|1|A|G|57","4OQU|1|A|G|58","4OQU|1|A|A|59","4OQU|1|A|G|60","4OQU|1|A|A|61","4OQU|1|A|C|62"
"5TPY|1|A|C|62","5TPY|1|A|G|63","5TPY|1|A|A|64","5TPY|1|A|A|65","5TPY|1|A|A|66","5TPY|1|A|G|67"
"6N2V|1|A|C|56","6N2V|1|A|G|57","6N2V|1|A|A|58","6N2V|1|A|A|59","6N2V|1|A|A|60","6N2V|1|A|G|61"
"5DDP|1|A|G|11","5DDP|1|A|G|12","5DDP|1|A|A|13","5DDP|1|A|A|14","5DDP|1|A|A|15","5DDP|1|A|C|16"
"8JOZ|1|B|C|47|||B","8JOZ|1|B|G|47|||C","8JOZ|1|B|A|47|||D","8JOZ|1|B|A|47|||E","8JOZ|1|B|A|47|||F","8JOZ|1|B|G|47|||G"
"1HMH|1|E|C|104","1HMH|1|E|G|21|||L","1HMH|1|E|A|22|||L","1HMH|1|E|A|23|||L","1HMH|1|E|A|24|||L","1HMH|1|E|G|114"
"3MXH|1|R|C|31","3MXH|1|R|G|32","3MXH|1|R|A|33","3MXH|1|R|A|34","3MXH|1|R|A|35","3MXH|1|R|G|36"
"8X5V|1|B|U|33","8X5V|1|B|G|34","8X5V|1|B|A|35","8X5V|1|B|A|36","8X5V|1|B|A|37","8X5V|1|B|A|38"
"8ITS|1|A|C|31","8ITS|1|A|G|32","8ITS|1|A|A|33","8ITS|1|A|A|34","8ITS|1|A|A|35","8ITS|1|A|G|36"
"5UZ6|1|A|C|15","5UZ6|1|A|G|16","5UZ6|1|A|A|17","5UZ6|1|A|A|18","5UZ6|1|A|A|19","5UZ6|1|A|G|20"
"5TBW|1|1|C|599","5TBW|1|1|G|600","5TBW|1|1|U|601","5TBW|1|1|A|602","5TBW|1|1|A|603","5TBW|1|1|G|604"
"5FJC|1|A|A|49","5FJC|1|A|G|50","5FJC|1|A|A|51","5FJC|1|A|A|52","5FJC|1|A|A|53","5FJC|1|A|U|54"
"4V9F|1|0|C|804","4V9F|1|0|G|805","4V9F|1|0|A|806","4V9F|1|0|A|807","4V9F|1|0|A|808","4V9F|1|0|G|809"
"5TPY|1|A|C|13","5TPY|1|A|G|14","5TPY|1|A|A|15","5TPY|1|A|A|16","5TPY|1|A|A|17","5TPY|1|A|G|18"
"1Q96|1|A|U|13","1Q96|1|A|G|14","1Q96|1|A|A|15","1Q96|1|A|G|16","1Q96|1|A|A|17","1Q96|1|A|A|18"
"4AOB|1|A|G|73","4AOB|1|A|G|74","4AOB|1|A|A|75","4AOB|1|A|A|76","4AOB|1|A|A|77","4AOB|1|A|C|78"
"1G1X|1|D|C|590","1G1X|1|D|G|591","1G1X|1|D|A|592","1G1X|1|D|A|593","1G1X|1|D|A|594","1G1X|1|D|G|649"
"5TBW|1|1|U|382","5TBW|1|1|G|383","5TBW|1|1|A|384","5TBW|1|1|A|385","5TBW|1|1|A|386","5TBW|1|1|A|387"
"5FJC|1|A|G|73","5FJC|1|A|G|74","5FJC|1|A|A|75","5FJC|1|A|A|76","5FJC|1|A|A|77","5FJC|1|A|C|78"
"4V9F|1|0|C|2248","4V9F|1|0|G|2249","4V9F|1|0|G|2250","4V9F|1|0|G|2251","4V9F|1|0|A|2252","4V9F|1|0|G|2253"
"5VW1|1|C|A|32","5VW1|1|C|G|33","5VW1|1|C|A|34","5VW1|1|C|A|35","5VW1|1|C|A|36","5VW1|1|C|U|37"
"3LQX|1|B|C|153","3LQX|1|B|G|154","3LQX|1|B|A|155","3LQX|1|B|A|156","3LQX|1|B|A|157","3LQX|1|B|G|158"
"7K16|1|P|C|13","7K16|1|P|G|14","7K16|1|P|A|15","7K16|1|P|A|16","7K16|1|P|A|17","7K16|1|P|G|18"
"5M0I|1|F|C|12","5M0I|1|F|G|13","5M0I|1|F|A|14","5M0I|1|F|A|15","5M0I|1|F|A|16","5M0I|1|F|G|17"
"4K50|1|B|U|587","4K50|1|B|G|588","4K50|1|B|A|589","4K50|1|B|A|590","4K50|1|B|A|591","4K50|1|B|G|592"
"5J7L|1|AA|C|379","5J7L|1|AA|G|380","5J7L|1|AA|C|381","5J7L|1|AA|A|382","5J7L|1|AA|A|383","5J7L|1|AA|G|384"
"4R4V|1|A|C|735","4R4V|1|A|G|736","4R4V|1|A|U|737","4R4V|1|A|A|738","4R4V|1|A|A|739","4R4V|1|A|G|740"
"4Y1M|1|B|C|24","4Y1M|1|B|G|25","4Y1M|1|B|A|26","4Y1M|1|B|A|27","4Y1M|1|B|A|28","4Y1M|1|B|G|29"
"6TFF|1|A|C|27","6TFF|1|A|G|28","6TFF|1|A|A|29","6TFF|1|A|A|30","6TFF|1|A|A|31","6TFF|1|A|G|32"
"8C3A|1|1|U|382","8C3A|1|1|G|383","8C3A|1|1|A|384","8C3A|1|1|A|385","8C3A|1|1|A|386","8C3A|1|1|A|387"
"5B2T|1|A|A|32","5B2T|1|A|G|33","5B2T|1|A|A|34","5B2T|1|A|A|35","5B2T|1|A|A|36","5B2T|1|A|U|37"
"1RLG|1|D|C|9","1RLG|1|D|G|10","1RLG|1|D|A|11","1RLG|1|D|A|12","1RLG|1|D|A|13","1RLG|1|D|G|14"
"3IWN|1|A|C|21","3IWN|1|A|G|22","3IWN|1|A|A|23","3IWN|1|A|A|24","3IWN|1|A|A|25","3IWN|1|A|G|26"
"8VTW|1|1A|C|2374","8VTW|1|1A|G|2375","8VTW|1|1A|A|2376","8VTW|1|1A|A|2377","8VTW|1|1A|A|2378","8VTW|1|1A|G|2379"
"6N2V|1|A|C|76","6N2V|1|A|G|77","6N2V|1|A|A|78","6N2V|1|A|A|79","6N2V|1|A|A|80","6N2V|1|A|G|81"
"1GID|1|B|G|149","1GID|1|B|G|150","1GID|1|B|A|151","1GID|1|B|A|152","1GID|1|B|A|153","1GID|1|B|C|154"
"5TBW|1|1|G|844","5TBW|1|1|G|845","5TBW|1|1|A|846","5TBW|1|1|A|847","5TBW|1|1|A|848","5TBW|1|1|C|849"
"8ITS|1|A|C|15","8ITS|1|A|G|16","8ITS|1|A|A|17","8ITS|1|A|A|18","8ITS|1|A|A|19","8ITS|1|A|G|20"
"4RUM|1|A|C|51","4RUM|1|A|G|52","4RUM|1|A|A|53","4RUM|1|A|A|54","4RUM|1|A|A|55","4RUM|1|A|G|56"
"6DVK|1|H|G|45","6DVK|1|H|G|46","6DVK|1|H|A|47","6DVK|1|H|A|48","6DVK|1|H|A|49","6DVK|1|H|C|50"
"7ELQ|1|A|C|22","7ELQ|1|A|G|23","7ELQ|1|A|A|24","7ELQ|1|A|A|25","7ELQ|1|A|A|26","7ELQ|1|A|G|27"
"6AEG|1|A|U|72","6AEG|1|A|G|73","6AEG|1|A|A|74","6AEG|1|A|A|75","6AEG|1|A|A|76","6AEG|1|A|A|77"
"6JOO|1|B|G|32","6JOO|1|B|G|33","6JOO|1|B|A|34","6JOO|1|B|A|35","6JOO|1|B|A|36","6JOO|1|B|C|37"
"8VTW|1|1A|C|2658","8VTW|1|1A|G|2659","8VTW|1|1A|A|2660","8VTW|1|1A|G|2661","8VTW|1|1A|A|2662","8VTW|1|1A|G|2663"
"8C3A|1|3|G|88","8C3A|1|3|G|89","8C3A|1|3|A|90","8C3A|1|3|G|91","8C3A|1|3|A|92","8C3A|1|3|C|93"
"8HZE|1|B|C|19","8HZE|1|B|G|20","8HZE|1|B|A|21","8HZE|1|B|A|22","8HZE|1|B|A|23","8HZE|1|B|G|24"
"5J7L|1|DA|C|2658","5J7L|1|DA|G|2659","5J7L|1|DA|A|2660","5J7L|1|DA|G|2661","5J7L|1|DA|A|2662","5J7L|1|DA|G|2663"
"4V9F|1|0|C|252","4V9F|1|0|U|253","4V9F|1|0|C|254","4V9F|1|0|A|255","4V9F|1|0|C|256","4V9F|1|0|G|257"
"4ENC|1|A|U|28","4ENC|1|A|G|29","4ENC|1|A|A|30","4ENC|1|A|A|31","4ENC|1|A|A|32","4ENC|1|A|A|33"
"8D28|1|B|C|13","8D28|1|B|G|14","8D28|1|B|A|15","8D28|1|B|A|16","8D28|1|B|A|17","8D28|1|B|G|18"
"8C3A|1|CM|C|1106","8C3A|1|CM|G|1107","8C3A|1|CM|C|1108","8C3A|1|CM|A|1109","8C3A|1|CM|A|1110","8C3A|1|CM|G|1111"
"3IGI|1|A|G|274","3IGI|1|A|G|275","3IGI|1|A|A|276","3IGI|1|A|A|277","3IGI|1|A|A|278","3IGI|1|A|C|279"
"3MOJ|1|A|G|2529","3MOJ|1|A|G|2530","3MOJ|1|A|A|2531","3MOJ|1|A|A|2532","3MOJ|1|A|A|2533","3MOJ|1|A|C|2534"
"8HZL|1|B|C|49","8HZL|1|B|G|50","8HZL|1|B|A|51","8HZL|1|B|A|52","8HZL|1|B|A|53","8HZL|1|B|G|54"
"5X2G|1|B|U|32","5X2G|1|B|G|33","5X2G|1|B|A|34","5X2G|1|B|A|35","5X2G|1|B|A|36","5X2G|1|B|A|37"
"4LFB|1|A|C|379","4LFB|1|A|G|380","4LFB|1|A|C|381","4LFB|1|A|A|382","4LFB|1|A|A|383","4LFB|1|A|G|384"
"5TBW|1|AS|G|88","5TBW|1|AS|G|89","5TBW|1|AS|U|90","5TBW|1|AS|G|91","5TBW|1|AS|A|92","5TBW|1|AS|C|93"
"1HMH|1|A|C|104","1HMH|1|A|G|21|||L","1HMH|1|A|A|22|||L","1HMH|1|A|A|23|||L","1HMH|1|A|A|24|||L","1HMH|1|A|G|114"
"3RW6|1|H|G|27","3RW6|1|H|G|28","3RW6|1|H|A|29","3RW6|1|H|A|30","3RW6|1|H|A|31","3RW6|1|H|C|32"
"2OIU|1|P|C|10","2OIU|1|P|G|11","2OIU|1|P|A|12","2OIU|1|P|A|13","2OIU|1|P|A|14","2OIU|1|P|G|15"
"1L9A|1|B|G|197","1L9A|1|B|G|198","1L9A|1|B|A|199","1L9A|1|B|A|200","1L9A|1|B|A|201","1L9A|1|B|C|202"
"4V9F|1|0|G|690","4V9F|1|0|G|691","4V9F|1|0|A|692","4V9F|1|0|A|693","4V9F|1|0|A|694","4V9F|1|0|C|695"
"3NMU|1|E|C|18","3NMU|1|E|G|19","3NMU|1|E|A|20","3NMU|1|E|A|21","3NMU|1|E|A|22","3NMU|1|E|G|23"
"6N2V|1|A|G|24","6N2V|1|A|G|25","6N2V|1|A|A|26","6N2V|1|A|A|27","6N2V|1|A|A|28","6N2V|1|A|C|29"
"2IL9|1|A|C|6119","2IL9|1|A|G|6119|||A","2IL9|1|A|A|6119|||B","2IL9|1|A|A|6119|||C","2IL9|1|A|A|6119|||D","2IL9|1|A|G|6119|||E"
"7ZO1|1|A|A|32","7ZO1|1|A|G|33","7ZO1|1|A|A|34","7ZO1|1|A|A|35","7ZO1|1|A|A|36","7ZO1|1|A|U|37"
"5TBW|1|1|C|3025","5TBW|1|1|G|3026","5TBW|1|1|A|3027","5TBW|1|1|G|3028","5TBW|1|1|A|3029","5TBW|1|1|G|3030"
"6U8D|1|A|G|180","6U8D|1|A|G|198","6U8D|1|A|A|199","6U8D|1|A|A|200","6U8D|1|A|A|201","6U8D|1|A|C|219"
"6UFH|1|A|G|45","6UFH|1|A|G|46","6UFH|1|A|A|47","6UFH|1|A|A|48","6UFH|1|A|A|49","6UFH|1|A|C|50"
"4Y1M|1|B|U|55","4Y1M|1|B|G|56","4Y1M|1|B|A|57","4Y1M|1|B|A|58","4Y1M|1|B|A|59","4Y1M|1|B|A|60"
"7U4A|1|A|C|62","7U4A|1|A|G|63","7U4A|1|A|A|64","7U4A|1|A|A|65","7U4A|1|A|A|66","7U4A|1|A|G|67"
"5M0I|1|E|C|12","5M0I|1|E|G|13","5M0I|1|E|A|14","5M0I|1|E|A|15","5M0I|1|E|A|16","5M0I|1|E|G|17"
"7ZO1|1|A|U|72","7ZO1|1|A|G|73","7ZO1|1|A|A|74","7ZO1|1|A|A|75","7ZO1|1|A|A|76","7ZO1|1|A|A|77"
"5M0J|1|F|C|12","5M0J|1|F|G|13","5M0J|1|F|A|14","5M0J|1|F|A|15","5M0J|1|F|A|16","5M0J|1|F|G|17"
"2R8S|1|R|G|149","2R8S|1|R|G|150","2R8S|1|R|A|151","2R8S|1|R|A|152","2R8S|1|R|A|153","2R8S|1|R|C|154"
"8VTW|1|1A|C|1806","8VTW|1|1A|G|1807","8VTW|1|1A|U|1808","8VTW|1|1A|A|1809","8VTW|1|1A|A|1810","8VTW|1|1A|G|1811"
"3E5C|1|A|G|18","3E5C|1|A|G|19","3E5C|1|A|A|20","3E5C|1|A|A|21","3E5C|1|A|A|22","3E5C|1|A|C|23"
"5D5L|1|A|C|8","5D5L|1|A|G|9","5D5L|1|A|A|10","5D5L|1|A|A|11","5D5L|1|A|A|12","5D5L|1|A|G|13"
"4V9F|1|0|C|2695","4V9F|1|0|G|2696","4V9F|1|0|A|2697","4V9F|1|0|G|2698","4V9F|1|0|A|2699","4V9F|1|0|G|2700"
"359D|1|B|C|154","359D|1|B|G|31|||L","359D|1|B|U|32|||L","359D|1|B|A|33|||L","359D|1|B|A|34|||L","359D|1|B|G|164"
"1U9S|1|A|G|204","1U9S|1|A|G|205","1U9S|1|A|C|206","1U9S|1|A|A|207","1U9S|1|A|A|208","1U9S|1|A|C|209"
"4AOB|1|A|A|49","4AOB|1|A|A|50","4AOB|1|A|A|51","4AOB|1|A|A|52","4AOB|1|A|A|53","4AOB|1|A|U|54"
"7QR0|1|A|A|32","7QR0|1|A|G|33","7QR0|1|A|A|34","7QR0|1|A|A|35","7QR0|1|A|A|36","7QR0|1|A|U|37"
"3NVI|1|F|C|9","3NVI|1|F|G|10","3NVI|1|F|A|11","3NVI|1|F|A|12","3NVI|1|F|A|13","3NVI|1|F|G|14"
"5F9F|1|F|A|10","5F9F|1|F|G|11","5F9F|1|F|U|12","5F9F|1|F|G|13","5F9F|1|F|A|14","5F9F|1|F|U|15"
"4PLX|1|A|C|24","4PLX|1|A|G|25","4PLX|1|A|A|26","4PLX|1|A|A|27","4PLX|1|A|A|28","4PLX|1|A|G|29"
"5B2P|1|B|C|35","5B2P|1|B|G|36","5B2P|1|B|A|37","5B2P|1|B|A|38","5B2P|1|B|A|39","5B2P|1|B|G|40"
"3NDB|1|M|C|208","3NDB|1|M|G|209","3NDB|1|M|G|210","3NDB|1|M|A|211","3NDB|1|M|A|212","3NDB|1|M|G|213"
"7MKY|1|A|G|40","7MKY|1|A|G|41","7MKY|1|A|A|42","7MKY|1|A|A|43","7MKY|1|A|A|44","7MKY|1|A|C|45"
"7ENI|1|B|G|34","7ENI|1|B|G|35","7ENI|1|B|A|36","7ENI|1|B|A|37","7ENI|1|B|A|38","7ENI|1|B|C|39"
"5VCI|1|A|C|16","5VCI|1|A|G|17","5VCI|1|A|A|18","5VCI|1|A|A|19","5VCI|1|A|A|20","5VCI|1|A|G|21"
"4V88|1|A6|C|1121","4V88|1|A6|G|1122","4V88|1|A6|C|1123","4V88|1|A6|A|1124","4V88|1|A6|A|1125","4V88|1|A6|G|1126"
"1KXK|1|A|U|33","1KXK|1|A|G|34","1KXK|1|A|A|35","1KXK|1|A|A|36","1KXK|1|A|A|37","1KXK|1|A|G|38"
"5J7L|1|DA|G|629","5J7L|1|DA|G|630","5J7L|1|DA|A|631","5J7L|1|DA|A|632","5J7L|1|DA|A|633","5J7L|1|DA|C|634"
"1MZP|1|B|C|25","1MZP|1|B|G|26","1MZP|1|B|C|27","1MZP|1|B|A|28","1MZP|1|B|A|29","1MZP|1|B|G|30"
"5Y7M|1|D|C|24","5Y7M|1|D|G|25","5Y7M|1|D|A|26","5Y7M|1|D|A|27","5Y7M|1|D|A|28","5Y7M|1|D|G|29"
"4NLF|1|A|C|2658","4NLF|1|A|G|2659","4NLF|1|A|A|2660","4NLF|1|A|G|2661","4NLF|1|A|A|2662","4NLF|1|A|G|2663"
"5B2T|1|A|U|72","5B2T|1|A|G|73","5B2T|1|A|A|74","5B2T|1|A|A|75","5B2T|1|A|A|76","5B2T|1|A|A|77"
"8C3A|1|1|C|2997","8C3A|1|1|G|2998","8C3A|1|1|A|2999","8C3A|1|1|G|3000","8C3A|1|1|A|3001","8C3A|1|1|G|3002"
"4LCK|1|B|C|71","4LCK|1|B|G|72","4LCK|1|B|A|73","4LCK|1|B|A|74","4LCK|1|B|A|75","4LCK|1|B|G|76"
"8G9Z|1|E|C|47||A|C","8G9Z|1|E|U|47||A|D","8G9Z|1|E|A|47||A|E","8G9Z|1|E|G|47||A|F","8G9Z|1|E|C|47||A|G","8G9Z|1|E|G|47||A|H"
"7R97|1|C|C|11","7R97|1|C|G|12","7R97|1|C|C|13","7R97|1|C|A|14","7R97|1|C|A|15","7R97|1|C|G|16"
"3AM1|1|B|C|45","3AM1|1|B|G|46","3AM1|1|B|A|47","3AM1|1|B|G|48","3AM1|1|B|A|49","3AM1|1|B|G|50"
"4JF2|1|A|C|8","4JF2|1|A|G|9","4JF2|1|A|A|10","4JF2|1|A|A|11","4JF2|1|A|A|12","4JF2|1|A|G|13"
"5TBW|1|1|C|732","5TBW|1|1|G|733","5TBW|1|1|C|734","5TBW|1|1|A|735","5TBW|1|1|A|736","5TBW|1|1|G|737"
"7A0S|1|X|C|2637","7A0S|1|X|G|2638","7A0S|1|X|A|2639","7A0S|1|X|G|2640","7A0S|1|X|A|2641","7A0S|1|X|G|2642"
"7MDL|1|E|C|47||A|C","7MDL|1|E|U|47||A|D","7MDL|1|E|A|47||A|E","7MDL|1|E|G|47||A|F","7MDL|1|E|C|47||A|G","7MDL|1|E|G|47||A|H"
"1UN6|1|F|G|82","1UN6|1|F|G|83","1UN6|1|F|A|84","1UN6|1|F|A|85","1UN6|1|F|A|86","1UN6|1|F|C|94"
"2ZZM|1|B|C|47","2ZZM|1|B|G|47|||A","2ZZM|1|B|U|47|||B","2ZZM|1|B|A|47|||C","2ZZM|1|B|G|47|||D","2ZZM|1|B|G|47|||E"
"6CZR|1|1a|C|875","6CZR|1|1a|G|876","6CZR|1|1a|C|877","6CZR|1|1a|A|878","6CZR|1|1a|A|879","6CZR|1|1a|G|880"
"4LFB|1|A|C|1165","4LFB|1|A|G|1166","4LFB|1|A|A|1167","4LFB|1|A|A|1168","4LFB|1|A|A|1169","4LFB|1|A|G|1171"
"7UZ0|1|A|C|36","7UZ0|1|A|G|37","7UZ0|1|A|A|38","7UZ0|1|A|A|39","7UZ0|1|A|A|40","7UZ0|1|A|G|41"
"1KH6|1|A|C|28","1KH6|1|A|G|29","1KH6|1|A|A|30","1KH6|1|A|A|31","1KH6|1|A|A|32","1KH6|1|A|G|33"
"5J7L|1|DA|C|2374","5J7L|1|DA|G|2375","5J7L|1|DA|A|2376","5J7L|1|DA|A|2377","5J7L|1|DA|A|2378","5J7L|1|DA|G|2379"
"5J7L|1|AA|G|158","5J7L|1|AA|G|159","5J7L|1|AA|A|160","5J7L|1|AA|A|161","5J7L|1|AA|A|162","5J7L|1|AA|C|163"
"1MFQ|1|A|G|197","1MFQ|1|A|G|198","1MFQ|1|A|A|199","1MFQ|1|A|A|200","1MFQ|1|A|A|201","1MFQ|1|A|C|202"
"5J7L|1|AA|C|186","5J7L|1|AA|G|187","5J7L|1|AA|C|188","5J7L|1|AA|A|189","5J7L|1|AA|A|190","5J7L|1|AA|G|191"
"7A0S|1|X|G|2353","7A0S|1|X|G|2354","7A0S|1|X|A|2355","7A0S|1|X|A|2356","7A0S|1|X|A|2357","7A0S|1|X|C|2358"
"7WIE|1|V|C|31","7WIE|1|V|G|32","7WIE|1|V|A|33","7WIE|1|V|A|34","7WIE|1|V|A|35","7WIE|1|V|G|37"
"6JQ5|1|A|C|45","6JQ5|1|A|G|46","6JQ5|1|A|A|47","6JQ5|1|A|A|48","6JQ5|1|A|A|49","6JQ5|1|A|G|50"
"5DCV|1|D|G|26","5DCV|1|D|G|27","5DCV|1|D|A|28","5DCV|1|D|A|29","5DCV|1|D|A|30","5DCV|1|D|C|31"
"4LFB|1|A|C|897","4LFB|1|A|G|898","4LFB|1|A|C|899","4LFB|1|A|A|900","4LFB|1|A|A|901","4LFB|1|A|G|902"
"4V9F|1|0|C|2411","4V9F|1|0|G|2412","4V9F|1|0|A|2413","4V9F|1|0|A|2414","4V9F|1|0|A|2415","4V9F|1|0|G|2416"
"7QQP|1|A|A|32","7QQP|1|A|G|33","7QQP|1|A|A|34","7QQP|1|A|A|35","7QQP|1|A|A|36","7QQP|1|A|U|37"
"3KTW|1|C|C|209","3KTW|1|C|G|210","3KTW|1|C|G|211","3KTW|1|C|A|212","3KTW|1|C|A|213","3KTW|1|C|G|214"
"8KAH|1|I|U|72","8KAH|1|I|G|73","8KAH|1|I|A|74","8KAH|1|I|A|75","8KAH|1|I|A|76","8KAH|1|I|A|77"
"4K27|1|U|U|26","4K27|1|U|G|27","4K27|1|U|A|28","4K27|1|U|A|29","4K27|1|U|A|30","4K27|1|U|G|31"
"1U9S|1|A|G|99","1U9S|1|A|G|100","1U9S|1|A|U|101","1U9S|1|A|A|102","1U9S|1|A|A|103","1U9S|1|A|C|104"
"5XTM|1|B|G|24","5XTM|1|B|G|25","5XTM|1|B|A|26","5XTM|1|B|A|27","5XTM|1|B|A|28","5XTM|1|B|C|29"
"1U6B|1|B|G|23","1U6B|1|B|G|24","1U6B|1|B|A|25","1U6B|1|B|A|26","1U6B|1|B|A|27","1U6B|1|B|C|28"
"7UQ6|1|B|G|41","7UQ6|1|B|G|42","7UQ6|1|B|A|43","7UQ6|1|B|A|44","7UQ6|1|B|A|45","7UQ6|1|B|C|46"
"3PDR|1|X|C|68","3PDR|1|X|C|69","3PDR|1|X|A|70","3PDR|1|X|A|71","3PDR|1|X|A|72","3PDR|1|X|G|73"
"8VTW|1|1A|G|629","8VTW|1|1A|G|630","8VTW|1|1A|A|631","8VTW|1|1A|A|632","8VTW|1|1A|A|633","8VTW|1|1A|C|634"
"7QQX|1|A|U|72","7QQX|1|A|G|73","7QQX|1|A|A|74","7QQX|1|A|A|75","7QQX|1|A|A|76","7QQX|1|A|A|77"
"6UFG|1|A|C|105","6UFG|1|A|G|106","6UFG|1|A|A|107","6UFG|1|A|A|108","6UFG|1|A|A|109","6UFG|1|A|G|110"
"4V9F|1|9|C|89","4V9F|1|9|G|90","4V9F|1|9|C|91","4V9F|1|9|G|92","4V9F|1|9|A|93","4V9F|1|9|G|94"
"5XTM|1|D|G|24","5XTM|1|D|G|25","5XTM|1|D|A|26","5XTM|1|D|A|27","5XTM|1|D|A|28","5XTM|1|D|C|29"
"4FRG|1|B|C|46","4FRG|1|B|G|47","4FRG|1|B|A|48","4FRG|1|B|A|49","4FRG|1|B|A|50","4FRG|1|B|G|51"
"8C3A|1|1|G|840","8C3A|1|1|G|841","8C3A|1|1|A|842","8C3A|1|1|A|843","8C3A|1|1|A|844","8C3A|1|1|C|845"
"3OXE|1|A|G|49","3OXE|1|A|G|50","3OXE|1|A|A|51","3OXE|1|A|A|52","3OXE|1|A|A|53","3OXE|1|A|C|54"
"5M0J|1|E|C|12","5M0J|1|E|G|13","5M0J|1|E|A|14","5M0J|1|E|A|15","5M0J|1|E|A|16","5M0J|1|E|G|17"
"6JQ5|1|B|C|45","6JQ5|1|B|G|46","6JQ5|1|B|A|47","6JQ5|1|B|A|48","6JQ5|1|B|A|49","6JQ5|1|B|G|50"
"5F9R|1|A|U|90","5F9R|1|A|G|91","5F9R|1|A|A|92","5F9R|1|A|A|93","5F9R|1|A|A|94","5F9R|1|A|A|95"
"3SUX|1|X|C|65","3SUX|1|X|G|66","3SUX|1|X|A|67","3SUX|1|X|A|68","3SUX|1|X|A|69","3SUX|1|X|G|70"
"6JDV|1|B|U|86","6JDV|1|B|G|87","6JDV|1|B|A|88","6JDV|1|B|A|89","6JDV|1|B|A|90","6JDV|1|B|A|91"
"8C3A|1|CM|A|1069","8C3A|1|CM|G|1070","8C3A|1|CM|A|1071","8C3A|1|CM|A|1072","8C3A|1|CM|A|1073","8C3A|1|CM|U|1074"
"5J7L|1|DA|A|2856","5J7L|1|DA|G|2857","5J7L|1|DA|C|2858","5J7L|1|DA|G|2859","5J7L|1|DA|A|2860","5J7L|1|DA|U|2861"
"2OIU|1|P|C|59","2OIU|1|P|G|60","2OIU|1|P|A|61","2OIU|1|P|A|62","2OIU|1|P|A|63","2OIU|1|P|G|64"
"4LFB|1|A|C|862","4LFB|1|A|U|863","4LFB|1|A|A|864","4LFB|1|A|A|865","4LFB|1|A|C|866","4LFB|1|A|G|867"
"4WF9|1|X|C|2401","4WF9|1|X|G|2402","4WF9|1|X|A|2403","4WF9|1|X|A|2404","4WF9|1|X|A|2405","4WF9|1|X|G|2406"
"6CZR|1|1a|C|375","6CZR|1|1a|G|376","6CZR|1|1a|C|377","6CZR|1|1a|A|378","6CZR|1|1a|A|379","6CZR|1|1a|G|380"
"4ZT0|1|D|A|32","4ZT0|1|D|G|33","4ZT0|1|D|A|34","4ZT0|1|D|A|35","4ZT0|1|D|A|36","4ZT0|1|D|U|37"
"3CUL|1|C|C|7","3CUL|1|C|G|8","3CUL|1|C|A|9","3CUL|1|C|A|10","3CUL|1|C|A|11","3CUL|1|C|G|12"
"4Y1M|1|B|A|81","4Y1M|1|B|G|82","4Y1M|1|B|A|83","4Y1M|1|B|A|84","4Y1M|1|B|A|85","4Y1M|1|B|U|86"
"5J7L|1|AA|C|897","5J7L|1|AA|G|898","5J7L|1|AA|C|899","5J7L|1|AA|A|900","5J7L|1|AA|A|901","5J7L|1|AA|G|902"
"4PCJ|1|A|U|16","4PCJ|1|A|G|17","4PCJ|1|A|A|18","4PCJ|1|A|A|19","4PCJ|1|A|A|20","4PCJ|1|A|G|21"
"7QQP|1|A|U|72","7QQP|1|A|G|73","7QQP|1|A|A|74","7QQP|1|A|A|75","7QQP|1|A|A|76","7QQP|1|A|A|77"
"6DME|1|A|C|25","6DME|1|A|G|26","6DME|1|A|A|27","6DME|1|A|G|28","6DME|1|A|A|29","6DME|1|A|G|30"
"4V9F|1|0|C|1862","4V9F|1|0|G|1863","4V9F|1|0|C|1864","4V9F|1|0|A|1865","4V9F|1|0|A|1866","4V9F|1|0|G|1867"
"6CB3|1|B|G|20","6CB3|1|B|G|21","6CB3|1|B|A|22","6CB3|1|B|A|23","6CB3|1|B|A|24","6CB3|1|B|C|25"
"4WF9|1|X|C|2685","4WF9|1|X|G|2686","4WF9|1|X|A|2687","4WF9|1|X|G|2688","4WF9|1|X|A|2689","4WF9|1|X|G|2690"
"4QK9|1|A|C|56","4QK9|1|A|G|57","4QK9|1|A|U|58","4QK9|1|A|A|59","4QK9|1|A|A|60","4QK9|1|A|G|61"
"5BTM|1|A|U|26","5BTM|1|A|G|27","5BTM|1|A|A|28","5BTM|1|A|A|29","5BTM|1|A|A|30","5BTM|1|A|G|31"
"4OQU|1|A|G|13","4OQU|1|A|G|14","4OQU|1|A|A|15","4OQU|1|A|G|16","4OQU|1|A|A|17","4OQU|1|A|C|18"
"8C3A|1|1|U|2716","8C3A|1|1|G|2717","8C3A|1|1|A|2718","8C3A|1|1|A|2719","8C3A|1|1|A|2720","8C3A|1|1|G|2721"
"4V9F|1|0|G|2876","4V9F|1|0|G|2877","4V9F|1|0|U|2878","4V9F|1|0|A|2879","4V9F|1|0|A|2880","4V9F|1|0|C|2881"
"8VTW|1|1A|C|462","8VTW|1|1A|G|463","8VTW|1|1A|U|464","8VTW|1|1A|G|465","8VTW|1|1A|A|466","8VTW|1|1A|G|467"
"8C3A|1|1|C|2935","8C3A|1|1|G|2936","8C3A|1|1|U|2937","8C3A|1|1|G|2938","8C3A|1|1|A|2939","8C3A|1|1|G|2940"
"3G9C|1|Q|G|108","3G9C|1|Q|G|109","3G9C|1|Q|U|110","3G9C|1|Q|G|111","3G9C|1|Q|A|112","3G9C|1|Q|C|113"
"4V9F|1|0|G|1628","4V9F|1|0|G|1629","4V9F|1|0|A|1630","4V9F|1|0|A|1631","4V9F|1|0|A|1632","4V9F|1|0|C|1633"
"8C3A|1|1|U|705","8C3A|1|1|G|706","8C3A|1|1|A|707","8C3A|1|1|A|708","8C3A|1|1|A|709","8C3A|1|1|G|710"
"5J7L|1|DA|C|1806","5J7L|1|DA|G|1807","5J7L|1|DA|A|1808","5J7L|1|DA|A|1809","5J7L|1|DA|A|1810","5J7L|1|DA|G|1811"
"5U3G|1|B|C|47","5U3G|1|B|G|48","5U3G|1|B|A|49","5U3G|1|B|A|50","5U3G|1|B|A|51","5U3G|1|B|G|52"
"3RG5|1|B|U|47|||C","3RG5|1|B|U|47|||D","3RG5|1|B|A|47|||E","3RG5|1|B|G|47|||F","3RG5|1|B|C|47|||G","3RG5|1|B|G|47|||H"
"3D0U|1|A|C|142","3D0U|1|A|G|143","3D0U|1|A|A|144","3D0U|1|A|A|145","3D0U|1|A|A|146","3D0U|1|A|G|147"
"5TBW|1|1|C|2963","5TBW|1|1|G|2964","5TBW|1|1|U|2965","5TBW|1|1|G|2966","5TBW|1|1|A|2967","5TBW|1|1|G|2968"
"4V88|1|A6|A|1084","4V88|1|A6|G|1085","4V88|1|A6|A|1086","4V88|1|A6|A|1087","4V88|1|A6|A|1088","4V88|1|A6|U|1089"
"5M0H|1|A|U|21","5M0H|1|A|G|22","5M0H|1|A|A|23","5M0H|1|A|A|24","5M0H|1|A|A|25","5M0H|1|A|G|26"
"5FQ5|1|A|A|32","5FQ5|1|A|G|33","5FQ5|1|A|A|34","5FQ5|1|A|A|35","5FQ5|1|A|A|36","5FQ5|1|A|U|37"
"8C3A|1|1|A|2198","8C3A|1|1|G|2199","8C3A|1|1|A|2200","8C3A|1|1|A|2201","8C3A|1|1|A|2202","8C3A|1|1|U|2203"
"7QR0|1|A|U|72","7QR0|1|A|G|73","7QR0|1|A|A|74","7QR0|1|A|A|75","7QR0|1|A|A|76","7QR0|1|A|A|77"
"8VTW|1|1A|C|487","8VTW|1|1A|G|488","8VTW|1|1A|G|489","8VTW|1|1A|G|491","8VTW|1|1A|A|492","8VTW|1|1A|G|493"
"7A0S|1|X|A|2831","7A0S|1|X|G|2832","7A0S|1|X|C|2833","7A0S|1|X|A|2834","7A0S|1|X|A|2835","7A0S|1|X|U|2836"
"3V7E|1|C|G|105","3V7E|1|C|G|106","3V7E|1|C|A|107","3V7E|1|C|A|108","3V7E|1|C|A|109","3V7E|1|C|C|110"
"6WPI|1|B|U|25","6WPI|1|B|G|26","6WPI|1|B|A|27","6WPI|1|B|A|28","6WPI|1|B|A|29","6WPI|1|B|G|30"
"5J7L|1|DA|C|462","5J7L|1|DA|G|463","5J7L|1|DA|U|464","5J7L|1|DA|G|465","5J7L|1|DA|A|466","5J7L|1|DA|G|467"
"7A0S|1|X|C|640","7A0S|1|X|G|641","7A0S|1|X|A|642","7A0S|1|X|A|643","7A0S|1|X|A|644","7A0S|1|X|G|645"
"5J7L|1|AA|C|862","5J7L|1|AA|U|863","5J7L|1|AA|A|864","5J7L|1|AA|A|865","5J7L|1|AA|C|866","5J7L|1|AA|G|867"
"6CB3|1|B|G|50","6CB3|1|B|G|51","6CB3|1|B|A|52","6CB3|1|B|A|53","6CB3|1|B|A|54","6CB3|1|B|C|55"
"4W90|1|C|C|82","4W90|1|C|G|83","4W90|1|C|A|84","4W90|1|C|A|85","4W90|1|C|A|86","4W90|1|C|G|87"
"5DDO|1|A|G|11","5DDO|1|A|G|12","5DDO|1|A|A|13","5DDO|1|A|A|14","5DDO|1|A|A|15","5DDO|1|A|C|16"
"4BW0|1|A|C|9","4BW0|1|A|G|10","4BW0|1|A|A|11","4BW0|1|A|A|12","4BW0|1|A|A|13","4BW0|1|A|G|14"
"4WF9|1|X|C|508","4WF9|1|X|G|509","4WF9|1|X|U|510","4WF9|1|X|G|511","4WF9|1|X|A|512","4WF9|1|X|G|513"
"5J7L|1|DA|C|2594","5J7L|1|DA|G|2595","5J7L|1|DA|U|2596","5J7L|1|DA|G|2597","5J7L|1|DA|A|2598","5J7L|1|DA|G|2599"
"4LFB|1|A|G|1265","4LFB|1|A|G|1266","4LFB|1|A|C|1267","4LFB|1|A|A|1268","4LFB|1|A|A|1269","4LFB|1|A|C|1270"
"4LFB|1|A|G|158","4LFB|1|A|G|159","4LFB|1|A|A|160","4LFB|1|A|A|161","4LFB|1|A|A|162","4LFB|1|A|C|163"
"6CU1|1|A|C|42","6CU1|1|A|G|43","6CU1|1|A|A|44","6CU1|1|A|A|45","6CU1|1|A|A|46","6CU1|1|A|G|47"
"4WF9|1|X|C|674","4WF9|1|X|G|675","4WF9|1|X|A|676","4WF9|1|X|A|677","4WF9|1|X|A|678","4WF9|1|X|G|679"
"7A0S|1|X|C|473","7A0S|1|X|G|474","7A0S|1|X|U|475","7A0S|1|X|G|476","7A0S|1|X|A|477","7A0S|1|X|G|478"
"5TBW|1|1|U|707","5TBW|1|1|G|708","5TBW|1|1|A|709","5TBW|1|1|A|710","5TBW|1|1|A|711","5TBW|1|1|G|712"
"4WFL|1|A|G|81","4WFL|1|A|G|82","4WFL|1|A|U|83","4WFL|1|A|A|84","4WFL|1|A|A|85","4WFL|1|A|C|86"
"1NBS|1|B|A|204","1NBS|1|B|G|205","1NBS|1|B|A|206","1NBS|1|B|A|207","1NBS|1|B|A|208","1NBS|1|B|U|209"
"7A0S|1|X|U|1856","7A0S|1|X|G|1857","7A0S|1|X|C|1858","7A0S|1|X|A|1859","7A0S|1|X|A|1860","7A0S|1|X|G|1861"
"8VU0|1|C|C|33","8VU0|1|C|G|34","8VU0|1|C|A|35","8VU0|1|C|A|36","8VU0|1|C|A|37","8VU0|1|C|G|38"
"5TBW|1|1|U|2744","5TBW|1|1|G|2745","5TBW|1|1|A|2746","5TBW|1|1|A|2747","5TBW|1|1|A|2748","5TBW|1|1|G|2749"
"3IGI|1|A|G|89","3IGI|1|A|G|90","3IGI|1|A|C|91","3IGI|1|A|G|92","3IGI|1|A|A|93","3IGI|1|A|C|94"
"8C3A|1|CM|C|1488","8C3A|1|CM|G|1489","8C3A|1|CM|A|1490","8C3A|1|CM|G|1491","8C3A|1|CM|A|1492","8C3A|1|CM|G|1493"
"3E5C|1|A|C|41","3E5C|1|A|G|42","3E5C|1|A|A|43","3E5C|1|A|A|44","3E5C|1|A|A|45","3E5C|1|A|G|46"
"8VTW|1|1A|C|2856","8VTW|1|1A|G|2857","8VTW|1|1A|C|2858","8VTW|1|1A|G|2859","8VTW|1|1A|A|2860","8VTW|1|1A|G|2861"
"4V9F|1|0|U|468","4V9F|1|0|G|469","4V9F|1|0|U|470","4V9F|1|0|G|471","4V9F|1|0|A|472","4V9F|1|0|A|473"
"8VTW|1|1A|U|1864","8VTW|1|1A|G|1865","8VTW|1|1A|C|1866","8VTW|1|1A|A|1876","8VTW|1|1A|A|1877","8VTW|1|1A|G|1878"
"4V9F|1|0|G|1054","4V9F|1|0|G|1055","4V9F|1|0|U|1056","4V9F|1|0|A|1057","4V9F|1|0|A|1058","4V9F|1|0|C|1060"
"7MRL|1|A|G|34","7MRL|1|A|G|35","7MRL|1|A|A|36","7MRL|1|A|A|37","7MRL|1|A|A|38","7MRL|1|A|C|39"
"5TBW|1|1|A|357","5TBW|1|1|G|358","5TBW|1|1|U|359","5TBW|1|1|G|360","5TBW|1|1|A|361","5TBW|1|1|U|362"
"4WF9|1|X|C|533","4WF9|1|X|G|534","4WF9|1|X|G|535","4WF9|1|X|A|536","4WF9|1|X|A|537","4WF9|1|X|G|538"
"3NKB|1|B|C|49","3NKB|1|B|G|50","3NKB|1|B|A|51","3NKB|1|B|A|52","3NKB|1|B|A|53","3NKB|1|B|G|54"
"4V9F|1|0|C|2629","4V9F|1|0|G|2630","4V9F|1|0|U|2631","4V9F|1|0|G|2632","4V9F|1|0|A|2633","4V9F|1|0|G|2634"
"5TBW|1|1|A|2220","5TBW|1|1|G|2221","5TBW|1|1|A|2222","5TBW|1|1|A|2223","5TBW|1|1|A|2224","5TBW|1|1|U|2225"
"7A0S|1|X|C|498","7A0S|1|X|G|499","7A0S|1|X|G|500","7A0S|1|X|G|501","7A0S|1|X|A|502","7A0S|1|X|G|503"
"8VTW|1|1A|C|955","8VTW|1|1A|G|956","8VTW|1|1A|A|957","8VTW|1|1A|A|959","8VTW|1|1A|A|960","8VTW|1|1A|G|962"
"3NPQ|1|A|C|20","3NPQ|1|A|G|21","3NPQ|1|A|A|22","3NPQ|1|A|G|23","3NPQ|1|A|A|24","3NPQ|1|A|G|25"
"5J7L|1|AA|U|296","5J7L|1|AA|G|297","5J7L|1|AA|A|298","5J7L|1|AA|G|299","5J7L|1|AA|A|300","5J7L|1|AA|G|301"
"7A0S|1|Y|C|88","7A0S|1|Y|G|89","7A0S|1|Y|C|90","7A0S|1|Y|A|91","7A0S|1|Y|G|92","7A0S|1|Y|G|93"
"8VTW|1|1A|C|2594","8VTW|1|1A|G|2595","8VTW|1|1A|U|2596","8VTW|1|1A|G|2597","8VTW|1|1A|A|2598","8VTW|1|1A|G|2599"
"6AZ4|1|A|U|20","6AZ4|1|A|G|21","6AZ4|1|A|A|22","6AZ4|1|A|A|23","6AZ4|1|A|A|24","6AZ4|1|A|G|25"
"6UFH|1|A|C|145","6UFH|1|A|G|146","6UFH|1|A|A|147","6UFH|1|A|A|148","6UFH|1|A|A|149","6UFH|1|A|G|150"
"7A0S|1|X|A|966","7A0S|1|X|G|967","7A0S|1|X|C|968","7A0S|1|X|A|970","7A0S|1|X|A|971","7A0S|1|X|U|973"
"6CB3|1|B|C|76","6CB3|1|B|G|77","6CB3|1|B|A|78","6CB3|1|B|A|79","6CB3|1|B|A|80","6CB3|1|B|G|81"
"6AEG|1|A|A|32","6AEG|1|A|G|33","6AEG|1|A|A|34","6AEG|1|A|A|35","6AEG|1|A|A|36","6AEG|1|A|U|37"
"7A0S|1|X|C|2573","7A0S|1|X|G|2574","7A0S|1|X|U|2575","7A0S|1|X|G|2576","7A0S|1|X|A|2577","7A0S|1|X|G|2578"
"8VTW|1|1B|G|86","8VTW|1|1B|G|87","8VTW|1|1B|C|88","8VTW|1|1B|G|89","8VTW|1|1B|A|90","8VTW|1|1B|C|91"
"8C3A|1|1|A|357","8C3A|1|1|G|358","8C3A|1|1|U|359","8C3A|1|1|G|360","8C3A|1|1|A|361","8C3A|1|1|U|362"
"7JNH|1|B|C|43","7JNH|1|B|G|44","7JNH|1|B|A|45","7JNH|1|B|A|46","7JNH|1|B|A|47","7JNH|1|B|G|48"
"8C3A|1|CM|A|1281","8C3A|1|CM|G|1282","8C3A|1|CM|U|1283","8C3A|1|CM|G|1284","8C3A|1|CM|A|1285","8C3A|1|CM|U|1286"
"3P22|1|A|C|17","3P22|1|A|G|18","3P22|1|A|A|19","3P22|1|A|A|20","3P22|1|A|A|21","3P22|1|A|G|22"
"7KKV|1|B|G|500","7KKV|1|B|G|501","7KKV|1|B|U|502","7KKV|1|B|G|503","7KKV|1|B|A|504","7KKV|1|B|C|505"
"4YAZ|1|R|C|25","4YAZ|1|R|G|26","4YAZ|1|R|C|27","4YAZ|1|R|G|28","4YAZ|1|R|A|29","4YAZ|1|R|G|30"
"6YMC|1|A|G|11","6YMC|1|A|G|12","6YMC|1|A|A|13","6YMC|1|A|A|14","6YMC|1|A|A|15","6YMC|1|A|C|16"
"2Z75|1|B|G|113","2Z75|1|B|G|114","2Z75|1|B|C|115","2Z75|1|B|G|116","2Z75|1|B|A|117","2Z75|1|B|C|118"
"8VTW|1|1A|C|1222","8VTW|1|1A|G|1223","8VTW|1|1A|C|1224","8VTW|1|1A|G|1225","8VTW|1|1A|A|1226","8VTW|1|1A|G|1227"
"4V88|1|A6|C|1501","4V88|1|A6|G|1502","4V88|1|A6|A|1503","4V88|1|A6|G|1504","4V88|1|A6|A|1505","4V88|1|A6|G|1506"
"5FQ5|1|A|U|72","5FQ5|1|A|G|73","5FQ5|1|A|A|74","5FQ5|1|A|A|75","5FQ5|1|A|A|76","5FQ5|1|A|A|77"
"3W3S|1|B|C|47|||F","3W3S|1|B|G|47|||G","3W3S|1|B|C|47|||H","3W3S|1|B|A|47|||I","3W3S|1|B|A|47|||J","3W3S|1|B|G|47|||K"
"4V9F|1|0|C|576","4V9F|1|0|G|577","4V9F|1|0|C|578","4V9F|1|0|G|579","4V9F|1|0|A|580","4V9F|1|0|G|581"
"6CZR|1|1a|U|292","6CZR|1|1a|G|293","6CZR|1|1a|A|294","6CZR|1|1a|G|295","6CZR|1|1a|A|296","6CZR|1|1a|G|297"
"4LFB|1|A|U|296","4LFB|1|A|G|297","4LFB|1|A|A|298","4LFB|1|A|G|299","4LFB|1|A|A|300","4LFB|1|A|G|301"
"5TBW|1|1|G|1126","5TBW|1|1|G|1127","5TBW|1|1|U|1128","5TBW|1|1|A|1129","5TBW|1|1|A|1130","5TBW|1|1|C|1132"
"4LVW|1|A|C|58","4LVW|1|A|G|59","4LVW|1|A|A|60","4LVW|1|A|G|61","4LVW|1|A|A|62","4LVW|1|A|G|63"
"8C3A|1|1|G|1122","8C3A|1|1|G|1123","8C3A|1|1|U|1124","8C3A|1|1|A|1125","8C3A|1|1|A|1126","8C3A|1|1|C|1128"
"4PQV|1|A|C|13","4PQV|1|A|G|14","4PQV|1|A|A|15","4PQV|1|A|A|16","4PQV|1|A|A|17","4PQV|1|A|G|18"
"6CZR|1|1a|C|1059","6CZR|1|1a|G|1060","6CZR|1|1a|U|1061","6CZR|1|1a|G|1062","6CZR|1|1a|A|1063","6CZR|1|1a|G|1064"
"4WF9|1|X|G|2876","4WF9|1|X|G|2877","4WF9|1|X|U|2878","4WF9|1|X|G|2879","4WF9|1|X|A|2880","4WF9|1|X|C|2881"
"7QQX|1|A|A|32","7QQX|1|A|G|33","7QQX|1|A|A|34","7QQX|1|A|A|35","7QQX|1|A|A|36","7QQX|1|A|U|37"
"4V88|1|A6|A|1296","4V88|1|A6|G|1297","4V88|1|A6|U|1298","4V88|1|A6|G|1299","4V88|1|A6|A|1300","4V88|1|A6|U|1301"
"5J7L|1|AA|U|1076","5J7L|1|AA|G|1077","5J7L|1|AA|U|1078","5J7L|1|AA|G|1079","5J7L|1|AA|A|1080","5J7L|1|AA|A|1081"
"6UFH|1|A|C|106","6UFH|1|A|G|107","6UFH|1|A|A|108","6UFH|1|A|A|109","6UFH|1|A|A|110","6UFH|1|A|G|111"
"4V9F|1|0|C|1793","4V9F|1|0|G|1794","4V9F|1|0|G|1795","4V9F|1|0|A|1796","4V9F|1|0|A|1797","4V9F|1|0|G|1799"
"4LFB|1|A|C|1076","4LFB|1|A|G|1077","4LFB|1|A|U|1078","4LFB|1|A|G|1079","4LFB|1|A|A|1080","4LFB|1|A|G|1081"
"5J7L|1|DA|C|487","5J7L|1|DA|G|488","5J7L|1|DA|G|489","5J7L|1|DA|G|491","5J7L|1|DA|A|492","5J7L|1|DA|G|493"
"8C3A|1|1|A|2142","8C3A|1|1|G|2143","8C3A|1|1|A|2144","8C3A|1|1|A|2145","8C3A|1|1|A|2146","8C3A|1|1|U|2148"
"7QR8|1|A|A|32","7QR8|1|A|G|33","7QR8|1|A|A|34","7QR8|1|A|A|35","7QR8|1|A|A|36","7QR8|1|A|U|37"
"5J7L|1|AA|C|1265","5J7L|1|AA|G|1266","5J7L|1|AA|C|1267","5J7L|1|AA|G|1268","5J7L|1|AA|A|1269","5J7L|1|AA|G|1270"
"4WF9|1|X|U|999","4WF9|1|X|G|1000","4WF9|1|X|A|1001","4WF9|1|X|A|1003","4WF9|1|X|A|1004","4WF9|1|X|G|1006"
"4WF9|1|X|C|2621","4WF9|1|X|G|2622","4WF9|1|X|U|2623","4WF9|1|X|G|2624","4WF9|1|X|A|2625","4WF9|1|X|G|2626"
"4QK9|1|A|C|14","4QK9|1|A|U|15","4QK9|1|A|G|16","4QK9|1|A|A|17","4QK9|1|A|A|18","4QK9|1|A|G|19"
"8C3A|1|1|U|1399","8C3A|1|1|G|1400","8C3A|1|1|U|1401","8C3A|1|1|A|1402","8C3A|1|1|A|1403","8C3A|1|1|A|1404"
"5TBW|1|1|C|1403","5TBW|1|1|G|1404","5TBW|1|1|U|1405","5TBW|1|1|A|1406","5TBW|1|1|A|1407","5TBW|1|1|G|1408"
"5TBW|1|1|A|2164","5TBW|1|1|G|2165","5TBW|1|1|A|2166","5TBW|1|1|A|2167","5TBW|1|1|A|2168","5TBW|1|1|U|2170"
"5TBW|1|1|C|1023","5TBW|1|1|G|1024","5TBW|1|1|A|1025","5TBW|1|1|A|1026","5TBW|1|1|A|1027","5TBW|1|1|G|1029"
"7KKV|1|B|G|528","7KKV|1|B|G|529","7KKV|1|B|A|530","7KKV|1|B|A|531","7KKV|1|B|A|532","7KKV|1|B|C|534"
"6CZR|1|1a|C|1148","6CZR|1|1a|G|1149","6CZR|1|1a|A|1150","6CZR|1|1a|A|1151","6CZR|1|1a|A|1152","6CZR|1|1a|G|1153"
"2BTE|1|B|C|46","2BTE|1|B|G|47","2BTE|1|B|C|47|||A","2BTE|1|B|A|47|||B","2BTE|1|B|A|47|||C","2BTE|1|B|G|47|||D"
"5TBW|1|1|G|1634","5TBW|1|1|G|1635","5TBW|1|1|U|1636","5TBW|1|1|A|1637","5TBW|1|1|A|1638","5TBW|1|1|C|1639"
"6JDV|1|B|G|48","6JDV|1|B|G|49","6JDV|1|B|A|50","6JDV|1|B|A|51","6JDV|1|B|A|52","6JDV|1|B|C|53"
"4V9F|1|0|C|1326","4V9F|1|0|G|1327","4V9F|1|0|A|1328","4V9F|1|0|G|1329","4V9F|1|0|A|1330","4V9F|1|0|G|1331"
"4LFB|1|A|U|1012","4LFB|1|A|G|1013","4LFB|1|A|A|1014","4LFB|1|A|A|1015","4LFB|1|A|A|1016","4LFB|1|A|G|1017"
"8C3A|1|1|G|1630","8C3A|1|1|G|1631","8C3A|1|1|C|1632","8C3A|1|1|A|1633","8C3A|1|1|A|1634","8C3A|1|1|C|1635"
"4KQY|1|A|C|60","4KQY|1|A|G|61","4KQY|1|A|A|62","4KQY|1|A|A|63","4KQY|1|A|A|64","4KQY|1|A|G|65"
"1G1X|1|I|C|590","1G1X|1|I|G|591","1G1X|1|I|A|592","1G1X|1|I|A|593","1G1X|1|I|A|594","1G1X|1|I|G|649"
"5VSU|1|I|U|70","5VSU|1|I|G|71","5VSU|1|I|C|72","5VSU|1|I|A|73","5VSU|1|I|U|74","5VSU|1|I|A|75"
"4V88|1|A6|U|1396","4V88|1|A6|U|1397","4V88|1|A6|U|1398","4V88|1|A6|A|1400","4V88|1|A6|A|1401","4V88|1|A6|G|1402"
"5J7L|1|DA|C|1868","5J7L|1|DA|G|1869","5J7L|1|DA|C|1870","5J7L|1|DA|A|1871","5J7L|1|DA|A|1872","5J7L|1|DA|G|1873"
